Series ID,STATE,CATEGORY,TYPE,2011,2012,2013,2014,2015,,,,,,
CSU00X00000063000,US,ALL,LTI,1191630,1166710,1162210,1157410,1153490,,,,,,
CSU00X00000063001,ALABAMA,ALL,LTI,13690,12730,12830,12550,12380,,,,,,
CSU00X00000063002,ALASKA,ALL,LTI,4480,4330,3950,4160,4050,,,,,,
CSU00X00000063004,ARIZONA,ALL,LTI,17580,18210,18870,16890,19380,,,,,,
CSU00X00000063005,ARKANSAS,ALL,LTI,9330,8720,8250,6840,7620,,,,,,
CSU00X00000063006,CALIFORNIA,ALL,LTI,134200,140110,146840,142780,143990,,,,,,
CSU00X00000063009,CONNECTICUT,ALL,LTI,20870,20330,18860,18230,17850,,,,,,
CSU00X00000063010,DELAWARE,ALL,LTI,3670,3350,3590,3430,3610,,,,,,
CSU00X00000063011,DISTRICT OF COLUMBIA,ALL,LTI,3840,3850,3370,3150,2960,,,,,,
CSU00X00000063013,GEORGIA,ALL,LTI,29840,23710,24460,26820,26480,,,,,,
CSU00X00000063015,HAWAII,ALL,LTI,8540,8900,8960,9220,8370,,,,,,
CSU00X00000063017,ILLINOIS,ALL,LTI,49510,47870,48690,45080,47710,,,,,,
CSU00X00000063018,INDIANA,ALL,LTI,20330,20240,18690,19480,20770,,,,,,
CSU00X00000063019,IOWA,ALL,LTI,15050,13570,13840,12230,12270,,,,,,
CSU00X00000063020,KANSAS,ALL,LTI,9810,9430,8550,9900,8010,,,,,,
CSU00X00000063021,KENTUCKY,ALL,LTI,18290,16620,16660,15650,15750,,,,,,
CSU00X00000063022,LOUISIANA,ALL,LTI,14310,14230,14430,11560,11770,,,,,,
CSU00X00000063023,MAINE,ALL,LTI,7050,6260,6700,6160,6190,,,,,,
CSU00X00000063024,MARYLAND,ALL,LTI,24070,24940,25160,27190,25380,,,,,,
CSU00X00000063025,MASSACHUSETTS,ALL,LTI,36100,36690,34220,41840,34930,,,,,,
CSU00X00000063026,MICHIGAN,ALL,LTI,30180,31490,30700,32820,28620,,,,,,
CSU00X00000063027,MINNESOTA,ALL,LTI,21410,21170,21510,21580,20360,,,,,,
CSU00X00000063029,MISSOURI,ALL,LTI,17440,17710,17150,18190,15020,,,,,,
CSU00X00000063030,MONTANA,ALL,LTI,4960,4760,4620,4540,4570,,,,,,
CSU00X00000063031,NEBRASKA,ALL,LTI,8180,8090,7890,7400,7410,,,,,,
CSU00X00000063032,NEVADA,ALL,LTI,9980,10420,9700,11300,10030,,,,,,
CSU00X00000063034,NEW JERSEY,ALL,LTI,40200,42730,40450,42360,38140,,,,,,
CSU00X00000063035,NEW MEXICO,ALL,LTI,8000,7130,5940,6390,6360,,,,,,
CSU00X00000063036,NEW YORK,ALL,LTI,117180,111460,113390,110620,114130,,,,,,
CSU00X00000063037,NORTH CAROLINA,ALL,LTI,26380,25940,24700,24300,25100,,,,,,
CSU00X00000063039,OHIO,ALL,LTI,,36510,34770,37220,37900,,,,,,
CSU00X00000063040,OKLAHOMA,ALL,LTI,15790,15360,,,,,,,,,
CSU00X00000063041,OREGON,ALL,LTI,16690,18890,18390,20770,18700,,,,,,
CSU00X00000063042,PENNSYLVANIA,ALL,LTI,51410,46380,48240,46590,49450,,,,,,
CSU00X00000063043,PUERTO RICO,ALL,LTI,25490,22680,22280,20580,18130,,,,,,
CSU00X00000063045,SOUTH CAROLINA,ALL,LTI,15130,13240,13540,13170,13590,,,,,,
CSU00X00000063047,TENNESSEE,ALL,LTI,21280,21440,20720,19610,20230,,,,,,
CSU00X00000063048,TEXAS,ALL,LTI,73570,67700,65830,63230,61750,,,,,,
CSU00X00000063049,UTAH,ALL,LTI,6430,6330,7600,6490,7180,,,,,,
CSU00X00000063050,VERMONT,ALL,LTI,3180,3160,3230,3550,3890,,,,,,
CSU00X00000063051,VIRGINIA,ALL,LTI,27780,26730,26110,27140,24340,,,,,,
CSU00X00000063053,WASHINGTON,ALL,LTI,37520,35880,36400,36300,36200,,,,,,
CSU00X00000063054,WEST VIRGINIA,ALL,LTI,9320,9520,8560,8860,6970,,,,,,
CSU00X00000063055,WISCONSIN,ALL,LTI,23150,23610,23220,25340,21840,,,,,,
CSU00X00000063056,WYOMING,ALL,LTI,3060,3160,3050,3100,2990,,,,,,
CSUE1X00000063000,US,Violence and other injuries by persons or animals,LTI,75030,74630,75610,73410,75720,,,,,,
CSUE1X00000063001,ALABAMA,Violence and other injuries by persons or animals,LTI,410,310,450,380,420,,,,,,
CSUE1X00000063002,ALASKA,Violence and other injuries by persons or animals,LTI,250,120,220,250,240,,,,,,
CSUE1X00000063004,ARIZONA,Violence and other injuries by persons or animals,LTI,810,1280,1120,1070,890,,,,,,
CSUE1X00000063005,ARKANSAS,Violence and other injuries by persons or animals,LTI,400,510,380,410,390,,,,,,
CSUE1X00000063006,CALIFORNIA,Violence and other injuries by persons or animals,LTI,7650,7510,7960,7960,8170,,,,,,
CSUE1X00000063009,CONNECTICUT,Violence and other injuries by persons or animals,LTI,1430,1360,1590,1310,1070,,,,,,
CSUE1X00000063010,DELAWARE,Violence and other injuries by persons or animals,LTI,200,240,220,330,290,,,,,,
CSUE1X00000063011,DISTRICT OF COLUMBIA,Violence and other injuries by persons or animals,LTI,180,240,210,190,300,,,,,,
CSUE1X00000063013,GEORGIA,Violence and other injuries by persons or animals,LTI,890,1350,1820,1200,1350,,,,,,
CSUE1X00000063015,HAWAII,Violence and other injuries by persons or animals,LTI,250,380,350,290,430,,,,,,
CSUE1X00000063017,ILLINOIS,Violence and other injuries by persons or animals,LTI,3200,2750,2850,2230,2320,,,,,,
CSUE1X00000063018,INDIANA,Violence and other injuries by persons or animals,LTI,780,590,680,1000,690,,,,,,
CSUE1X00000063019,IOWA,Violence and other injuries by persons or animals,LTI,630,450,430,750,470,,,,,,
CSUE1X00000063020,KANSAS,Violence and other injuries by persons or animals,LTI,190,330,280,210,500,,,,,,
CSUE1X00000063021,KENTUCKY,Violence and other injuries by persons or animals,LTI,810,890,1080,730,800,,,,,,
CSUE1X00000063022,LOUISIANA,Violence and other injuries by persons or animals,LTI,410,880,1300,460,590,,,,,,
CSUE1X00000063023,MAINE,Violence and other injuries by persons or animals,LTI,290,340,350,230,360,,,,,,
CSUE1X00000063024,MARYLAND,Violence and other injuries by persons or animals,LTI,1770,2230,1880,1830,1570,,,,,,
CSUE1X00000063025,MASSACHUSETTS,Violence and other injuries by persons or animals,LTI,2510,2630,2420,2760,3040,,,,,,
CSUE1X00000063026,MICHIGAN,Violence and other injuries by persons or animals,LTI,1680,1620,1870,3590,1500,,,,,,
CSUE1X00000063027,MINNESOTA,Violence and other injuries by persons or animals,LTI,800,1100,1150,1050,1110,,,,,,
CSUE1X00000063029,MISSOURI,Violence and other injuries by persons or animals,LTI,820,680,490,740,720,,,,,,
CSUE1X00000063030,MONTANA,Violence and other injuries by persons or animals,LTI,190,220,230,330,290,,,,,,
CSUE1X00000063031,NEBRASKA,Violence and other injuries by persons or animals,LTI,250,260,250,350,390,,,,,,
CSUE1X00000063032,NEVADA,Violence and other injuries by persons or animals,LTI,760,480,420,560,450,,,,,,
CSUE1X00000063034,NEW JERSEY,Violence and other injuries by persons or animals,LTI,2950,3380,4220,3360,3080,,,,,,
CSUE1X00000063035,NEW MEXICO,Violence and other injuries by persons or animals,LTI,660,400,420,590,460,,,,,,
CSUE1X00000063036,NEW YORK,Violence and other injuries by persons or animals,LTI,12150,13530,13410,13350,11900,,,,,,
CSUE1X00000063037,NORTH CAROLINA,Violence and other injuries by persons or animals,LTI,1970,1990,1750,1450,1740,,,,,,
CSUE1X00000063039,OHIO,Violence and other injuries by persons or animals,LTI,,1630,1820,1980,2550,,,,,,
CSUE1X00000063040,OKLAHOMA,Violence and other injuries by persons or animals,LTI,640,760,,,,,,,,,
CSUE1X00000063041,OREGON,Violence and other injuries by persons or animals,LTI,890,980,940,1150,990,,,,,,
CSUE1X00000063042,PENNSYLVANIA,Violence and other injuries by persons or animals,LTI,2030,2470,2310,1760,2090,,,,,,
CSUE1X00000063043,PUERTO RICO,Violence and other injuries by persons or animals,LTI,260,530,580,490,390,,,,,,
CSUE1X00000063045,SOUTH CAROLINA,Violence and other injuries by persons or animals,LTI,950,660,880,930,1180,,,,,,
CSUE1X00000063047,TENNESSEE,Violence and other injuries by persons or animals,LTI,1190,1220,1180,1270,1360,,,,,,
CSUE1X00000063048,TEXAS,Violence and other injuries by persons or animals,LTI,4390,4660,3080,3470,4210,,,,,,
CSUE1X00000063049,UTAH,Violence and other injuries by persons or animals,LTI,210,140,260,290,270,,,,,,
CSUE1X00000063050,VERMONT,Violence and other injuries by persons or animals,LTI,160,150,120,150,240,,,,,,
CSUE1X00000063051,VIRGINIA,Violence and other injuries by persons or animals,LTI,1400,1340,1230,1670,1310,,,,,,
CSUE1X00000063053,WASHINGTON,Violence and other injuries by persons or animals,LTI,1740,1770,1450,1880,2270,,,,,,
CSUE1X00000063054,WEST VIRGINIA,Violence and other injuries by persons or animals,LTI,280,330,330,390,350,,,,,,
CSUE1X00000063055,WISCONSIN,Violence and other injuries by persons or animals,LTI,980,1130,1080,1610,1320,,,,,,
CSUE1X00000063056,WYOMING,Violence and other injuries by persons or animals,LTI,150,220,170,160,160,,,,,,
CSUE2X00000063000,US,Transportation incidents ,LTI,59440,59520,59380,62240,63210,,,,,,
CSUE2X00000063001,ALABAMA,Transportation incidents ,LTI,540,650,650,1110,790,,,,,,
CSUE2X00000063002,ALASKA,Transportation incidents ,LTI,190,200,100,110,350,,,,,,
CSUE2X00000063004,ARIZONA,Transportation incidents ,LTI,1140,930,970,870,1180,,,,,,
CSUE2X00000063005,ARKANSAS,Transportation incidents ,LTI,580,640,800,610,540,,,,,,
CSUE2X00000063006,CALIFORNIA,Transportation incidents ,LTI,5860,6520,5380,5360,6550,,,,,,
CSUE2X00000063009,CONNECTICUT,Transportation incidents ,LTI,1000,860,700,610,770,,,,,,
CSUE2X00000063010,DELAWARE,Transportation incidents ,LTI,140,150,270,210,160,,,,,,
CSUE2X00000063011,DISTRICT OF COLUMBIA,Transportation incidents ,LTI,150,150,160,150,140,,,,,,
CSUE2X00000063013,GEORGIA,Transportation incidents ,LTI,1240,1540,1630,1510,1210,,,,,,
CSUE2X00000063015,HAWAII,Transportation incidents ,LTI,540,280,210,590,560,,,,,,
CSUE2X00000063017,ILLINOIS,Transportation incidents ,LTI,2680,2170,2880,3050,2490,,,,,,
CSUE2X00000063018,INDIANA,Transportation incidents ,LTI,1190,1050,730,780,1470,,,,,,
CSUE2X00000063019,IOWA,Transportation incidents ,LTI,370,400,340,410,750,,,,,,
CSUE2X00000063020,KANSAS,Transportation incidents ,LTI,370,510,410,390,340,,,,,,
CSUE2X00000063021,KENTUCKY,Transportation incidents ,LTI,800,790,650,700,1170,,,,,,
CSUE2X00000063022,LOUISIANA,Transportation incidents ,LTI,1320,1230,1310,1260,870,,,,,,
CSUE2X00000063023,MAINE,Transportation incidents ,LTI,120,190,170,120,150,,,,,,
CSUE2X00000063024,MARYLAND,Transportation incidents ,LTI,1790,2040,2080,2020,2450,,,,,,
CSUE2X00000063025,MASSACHUSETTS,Transportation incidents ,LTI,2090,1670,1340,1520,1370,,,,,,
CSUE2X00000063026,MICHIGAN,Transportation incidents ,LTI,1130,1090,1180,1310,1370,,,,,,
CSUE2X00000063027,MINNESOTA,Transportation incidents ,LTI,1140,590,560,640,660,,,,,,
CSUE2X00000063029,MISSOURI,Transportation incidents ,LTI,1050,800,1620,1090,900,,,,,,
CSUE2X00000063030,MONTANA,Transportation incidents ,LTI,140,120,150,160,170,,,,,,
CSUE2X00000063031,NEBRASKA,Transportation incidents ,LTI,310,320,450,470,380,,,,,,
CSUE2X00000063032,NEVADA,Transportation incidents ,LTI,670,900,630,850,630,,,,,,
CSUE2X00000063034,NEW JERSEY,Transportation incidents ,LTI,2150,2340,2800,3340,2740,,,,,,
CSUE2X00000063035,NEW MEXICO,Transportation incidents ,LTI,270,350,200,390,260,,,,,,
CSUE2X00000063036,NEW YORK,Transportation incidents ,LTI,4370,4890,5060,5100,5530,,,,,,
CSUE2X00000063037,NORTH CAROLINA,Transportation incidents ,LTI,1570,2030,1370,1460,1700,,,,,,
CSUE2X00000063039,OHIO,Transportation incidents ,LTI,,2080,1430,1150,2250,,,,,,
CSUE2X00000063040,OKLAHOMA,Transportation incidents ,LTI,650,760,,,,,,,,,
CSUE2X00000063041,OREGON,Transportation incidents ,LTI,540,810,800,1170,700,,,,,,
CSUE2X00000063042,PENNSYLVANIA,Transportation incidents ,LTI,1790,1860,2870,2570,1680,,,,,,
CSUE2X00000063043,PUERTO RICO,Transportation incidents ,LTI,440,430,630,290,190,,,,,,
CSUE2X00000063045,SOUTH CAROLINA,Transportation incidents ,LTI,770,690,950,1300,870,,,,,,
CSUE2X00000063047,TENNESSEE,Transportation incidents ,LTI,1450,1690,1390,1510,1180,,,,,,
CSUE2X00000063048,TEXAS,Transportation incidents ,LTI,3990,3770,5040,4240,3570,,,,,,
CSUE2X00000063049,UTAH,Transportation incidents ,LTI,400,180,230,360,410,,,,,,
CSUE2X00000063050,VERMONT,Transportation incidents ,LTI,100,150,60,100,280,,,,,,
CSUE2X00000063051,VIRGINIA,Transportation incidents ,LTI,1540,1400,1280,1390,1860,,,,,,
CSUE2X00000063053,WASHINGTON,Transportation incidents ,LTI,1560,1380,1320,1580,1630,,,,,,
CSUE2X00000063054,WEST VIRGINIA,Transportation incidents ,LTI,400,430,410,400,370,,,,,,
CSUE2X00000063055,WISCONSIN,Transportation incidents ,LTI,850,820,1050,830,840,,,,,,
CSUE2X00000063056,WYOMING,Transportation incidents ,LTI,110,110,150,90,160,,,,,,
CSUE3X00000063000,US,Fires and explosions ,LTI,2180,2340,1780,1980,1850,,,,,,
CSUE3X00000063001,ALABAMA,Fires and explosions ,LTI,,30,,,,,,,,,
CSUE3X00000063002,ALASKA,Fires and explosions ,LTI,20,,,,,,,,,,
CSUE3X00000063004,ARIZONA,Fires and explosions ,LTI,40,40,60,30,30,,,,,,
CSUE3X00000063005,ARKANSAS,Fires and explosions ,LTI,40,50,40,,30,,,,,,
CSUE3X00000063006,CALIFORNIA,Fires and explosions ,LTI,40,40,30,40,80,,,,,,
CSUE3X00000063009,CONNECTICUT,Fires and explosions ,LTI,130,20,,,,,,,,,
CSUE3X00000063010,DELAWARE,Fires and explosions ,LTI,,,,,20,,,,,,
CSUE3X00000063013,GEORGIA,Fires and explosions ,LTI,20,,30,70,,,,,,,
CSUE3X00000063015,HAWAII,Fires and explosions ,LTI,20,,,,,,,,,,
CSUE3X00000063017,ILLINOIS,Fires and explosions ,LTI,50,20,60,90,60,,,,,,
CSUE3X00000063018,INDIANA,Fires and explosions ,LTI,,20,,60,30,,,,,,
CSUE3X00000063019,IOWA,Fires and explosions ,LTI,,,,,20,,,,,,
CSUE3X00000063020,KANSAS,Fires and explosions ,LTI,20,20,20,20,,,,,,,
CSUE3X00000063021,KENTUCKY,Fires and explosions ,LTI,60,20,,,80,,,,,,
CSUE3X00000063022,LOUISIANA,Fires and explosions ,LTI,20,40,30,,,,,,,,
CSUE3X00000063024,MARYLAND,Fires and explosions ,LTI,,50,40,,30,,,,,,
CSUE3X00000063025,MASSACHUSETTS,Fires and explosions ,LTI,,,,,40,,,,,,
CSUE3X00000063026,MICHIGAN,Fires and explosions ,LTI,20,60,90,60,20,,,,,,
CSUE3X00000063027,MINNESOTA,Fires and explosions ,LTI,40,30,20,,,,,,,,
CSUE3X00000063029,MISSOURI,Fires and explosions ,LTI,20,,,20,20,,,,,,
CSUE3X00000063031,NEBRASKA,Fires and explosions ,LTI,40,20,,20,30,,,,,,
CSUE3X00000063034,NEW JERSEY,Fires and explosions ,LTI,150,130,70,160,230,,,,,,
CSUE3X00000063035,NEW MEXICO,Fires and explosions ,LTI,,20,20,,,,,,,,
CSUE3X00000063036,NEW YORK,Fires and explosions ,LTI,80,30,100,80,60,,,,,,
CSUE3X00000063037,NORTH CAROLINA,Fires and explosions ,LTI,,20,,40,,,,,,,
CSUE3X00000063039,OHIO,Fires and explosions ,LTI,,440,20,,,,,,,,
CSUE3X00000063040,OKLAHOMA,Fires and explosions ,LTI,,60,,,,,,,,,
CSUE3X00000063041,OREGON,Fires and explosions ,LTI,,190,,40,60,,,,,,
CSUE3X00000063042,PENNSYLVANIA,Fires and explosions ,LTI,320,110,470,50,60,,,,,,
CSUE3X00000063045,SOUTH CAROLINA,Fires and explosions ,LTI,,,,30,60,,,,,,
CSUE3X00000063047,TENNESSEE,Fires and explosions ,LTI,60,50,70,150,80,,,,,,
CSUE3X00000063048,TEXAS,Fires and explosions ,LTI,290,90,30,110,120,,,,,,
CSUE3X00000063049,UTAH,Fires and explosions ,LTI,30,,,,30,,,,,,
CSUE3X00000063050,VERMONT,Fires and explosions ,LTI,,,,,40,,,,,,
CSUE3X00000063051,VIRGINIA,Fires and explosions ,LTI,90,30,50,,20,,,,,,
CSUE3X00000063053,WASHINGTON,Fires and explosions ,LTI,20,50,,20,40,,,,,,
CSUE3X00000063054,WEST VIRGINIA,Fires and explosions ,LTI,,50,70,30,,,,,,,
CSUE3X00000063055,WISCONSIN,Fires and explosions ,LTI,30,70,50,20,30,,,,,,
CSUE3X00000063056,WYOMING,Fires and explosions ,LTI,,,,50,60,,,,,,
CSUE4X00000063000,US,"Falls, slips, trips ",LTI,302890,289470,296130,316650,309060,,,,,,
CSUE4X00000063001,ALABAMA,"Falls, slips, trips ",LTI,3260,3010,3000,3840,3070,,,,,,
CSUE4X00000063002,ALASKA,"Falls, slips, trips ",LTI,1230,1310,1180,1130,1010,,,,,,
CSUE4X00000063004,ARIZONA,"Falls, slips, trips ",LTI,4450,4370,4630,4450,4650,,,,,,
CSUE4X00000063005,ARKANSAS,"Falls, slips, trips ",LTI,2830,2690,2360,2230,2790,,,,,,
CSUE4X00000063006,CALIFORNIA,"Falls, slips, trips ",LTI,28210,28190,29740,30190,29740,,,,,,
CSUE4X00000063009,CONNECTICUT,"Falls, slips, trips ",LTI,5520,4670,3990,4440,4760,,,,,,
CSUE4X00000063010,DELAWARE,"Falls, slips, trips ",LTI,1010,730,970,1050,1160,,,,,,
CSUE4X00000063011,DISTRICT OF COLUMBIA,"Falls, slips, trips ",LTI,860,870,1050,980,860,,,,,,
CSUE4X00000063013,GEORGIA,"Falls, slips, trips ",LTI,6800,6320,6390,6920,7130,,,,,,
CSUE4X00000063015,HAWAII,"Falls, slips, trips ",LTI,1820,1900,1940,2140,1820,,,,,,
CSUE4X00000063017,ILLINOIS,"Falls, slips, trips ",LTI,11970,10880,12310,12270,13420,,,,,,
CSUE4X00000063018,INDIANA,"Falls, slips, trips ",LTI,5740,4840,4820,6170,5810,,,,,,
CSUE4X00000063019,IOWA,"Falls, slips, trips ",LTI,4180,4000,3910,3320,3060,,,,,,
CSUE4X00000063020,KANSAS,"Falls, slips, trips ",LTI,2660,2320,2360,2870,2250,,,,,,
CSUE4X00000063021,KENTUCKY,"Falls, slips, trips ",LTI,4740,3810,4360,4370,4150,,,,,,
CSUE4X00000063022,LOUISIANA,"Falls, slips, trips ",LTI,3440,4070,3230,3100,3420,,,,,,
CSUE4X00000063023,MAINE,"Falls, slips, trips ",LTI,1830,1520,1700,1870,1440,,,,,,
CSUE4X00000063024,MARYLAND,"Falls, slips, trips ",LTI,6170,6300,6470,7750,7510,,,,,,
CSUE4X00000063025,MASSACHUSETTS,"Falls, slips, trips ",LTI,8440,9120,8530,10980,9060,,,,,,
CSUE4X00000063026,MICHIGAN,"Falls, slips, trips ",LTI,7880,7130,7190,9380,8760,,,,,,
CSUE4X00000063027,MINNESOTA,"Falls, slips, trips ",LTI,5300,5200,6000,6010,4940,,,,,,
CSUE4X00000063029,MISSOURI,"Falls, slips, trips ",LTI,4900,3980,4200,4820,3970,,,,,,
CSUE4X00000063030,MONTANA,"Falls, slips, trips ",LTI,1320,1280,1070,1390,1140,,,,,,
CSUE4X00000063031,NEBRASKA,"Falls, slips, trips ",LTI,2420,2040,2330,2000,2620,,,,,,
CSUE4X00000063032,NEVADA,"Falls, slips, trips ",LTI,2430,2470,2460,3050,2510,,,,,,
CSUE4X00000063034,NEW JERSEY,"Falls, slips, trips ",LTI,10630,10790,10470,12630,11090,,,,,,
CSUE4X00000063035,NEW MEXICO,"Falls, slips, trips ",LTI,2240,2630,1880,1940,1630,,,,,,
CSUE4X00000063036,NEW YORK,"Falls, slips, trips ",LTI,30580,27510,29280,32510,31770,,,,,,
CSUE4X00000063037,NORTH CAROLINA,"Falls, slips, trips ",LTI,7310,6420,6670,7200,7950,,,,,,
CSUE4X00000063039,OHIO,"Falls, slips, trips ",LTI,,11050,11120,10050,10540,,,,,,
CSUE4X00000063040,OKLAHOMA,"Falls, slips, trips ",LTI,4950,4170,,,,,,,,,
CSUE4X00000063041,OREGON,"Falls, slips, trips ",LTI,3820,4310,4440,5710,4480,,,,,,
CSUE4X00000063042,PENNSYLVANIA,"Falls, slips, trips ",LTI,14070,11870,14040,14170,12440,,,,,,
CSUE4X00000063043,PUERTO RICO,"Falls, slips, trips ",LTI,6070,4880,4370,4850,3770,,,,,,
CSUE4X00000063045,SOUTH CAROLINA,"Falls, slips, trips ",LTI,3620,4100,3380,3450,3560,,,,,,
CSUE4X00000063047,TENNESSEE,"Falls, slips, trips ",LTI,6080,5680,5630,5500,6320,,,,,,
CSUE4X00000063048,TEXAS,"Falls, slips, trips ",LTI,19790,18340,16980,17840,18560,,,,,,
CSUE4X00000063049,UTAH,"Falls, slips, trips ",LTI,2000,1920,2340,1700,2120,,,,,,
CSUE4X00000063050,VERMONT,"Falls, slips, trips ",LTI,780,800,890,1060,1100,,,,,,
CSUE4X00000063051,VIRGINIA,"Falls, slips, trips ",LTI,6900,7230,7200,8870,7610,,,,,,
CSUE4X00000063053,WASHINGTON,"Falls, slips, trips ",LTI,8360,8090,8780,8560,8240,,,,,,
CSUE4X00000063054,WEST VIRGINIA,"Falls, slips, trips ",LTI,2060,2280,2230,2650,1870,,,,,,
CSUE4X00000063055,WISCONSIN,"Falls, slips, trips ",LTI,5400,5620,6650,7210,5590,,,,,,
CSUE4X00000063056,WYOMING,"Falls, slips, trips ",LTI,860,940,950,1040,980,,,,,,
CSUE5X00000063000,US,Exposure to harmful substances or environments ,LTI,49100,51230,50540,46000,51650,,,,,,
CSUE5X00000063001,ALABAMA,Exposure to harmful substances or environments ,LTI,670,560,660,610,600,,,,,,
CSUE5X00000063002,ALASKA,Exposure to harmful substances or environments ,LTI,180,190,160,210,180,,,,,,
CSUE5X00000063004,ARIZONA,Exposure to harmful substances or environments ,LTI,840,770,900,630,1080,,,,,,
CSUE5X00000063005,ARKANSAS,Exposure to harmful substances or environments ,LTI,540,500,420,310,300,,,,,,
CSUE5X00000063006,CALIFORNIA,Exposure to harmful substances or environments ,LTI,6530,7080,7870,7850,8230,,,,,,
CSUE5X00000063009,CONNECTICUT,Exposure to harmful substances or environments ,LTI,660,710,700,600,560,,,,,,
CSUE5X00000063010,DELAWARE,Exposure to harmful substances or environments ,LTI,120,130,130,140,210,,,,,,
CSUE5X00000063011,DISTRICT OF COLUMBIA,Exposure to harmful substances or environments ,LTI,150,150,180,200,150,,,,,,
CSUE5X00000063013,GEORGIA,Exposure to harmful substances or environments ,LTI,1190,1160,680,910,1100,,,,,,
CSUE5X00000063015,HAWAII,Exposure to harmful substances or environments ,LTI,470,440,610,390,450,,,,,,
CSUE5X00000063017,ILLINOIS,Exposure to harmful substances or environments ,LTI,1940,2020,1960,1270,2060,,,,,,
CSUE5X00000063018,INDIANA,Exposure to harmful substances or environments ,LTI,710,1170,1200,850,690,,,,,,
CSUE5X00000063019,IOWA,Exposure to harmful substances or environments ,LTI,690,580,880,460,590,,,,,,
CSUE5X00000063020,KANSAS,Exposure to harmful substances or environments ,LTI,390,340,290,380,480,,,,,,
CSUE5X00000063021,KENTUCKY,Exposure to harmful substances or environments ,LTI,780,660,650,750,640,,,,,,
CSUE5X00000063022,LOUISIANA,Exposure to harmful substances or environments ,LTI,410,580,400,710,440,,,,,,
CSUE5X00000063023,MAINE,Exposure to harmful substances or environments ,LTI,520,290,400,290,430,,,,,,
CSUE5X00000063024,MARYLAND,Exposure to harmful substances or environments ,LTI,950,700,1090,850,1340,,,,,,
CSUE5X00000063025,MASSACHUSETTS,Exposure to harmful substances or environments ,LTI,910,1820,1340,1140,1480,,,,,,
CSUE5X00000063026,MICHIGAN,Exposure to harmful substances or environments ,LTI,1030,1530,1050,1290,1020,,,,,,
CSUE5X00000063027,MINNESOTA,Exposure to harmful substances or environments ,LTI,1110,1070,880,780,720,,,,,,
CSUE5X00000063029,MISSOURI,Exposure to harmful substances or environments ,LTI,940,800,690,490,450,,,,,,
CSUE5X00000063030,MONTANA,Exposure to harmful substances or environments ,LTI,110,200,220,170,130,,,,,,
CSUE5X00000063031,NEBRASKA,Exposure to harmful substances or environments ,LTI,710,410,290,260,360,,,,,,
CSUE5X00000063032,NEVADA,Exposure to harmful substances or environments ,LTI,380,560,430,330,420,,,,,,
CSUE5X00000063034,NEW JERSEY,Exposure to harmful substances or environments ,LTI,1390,1410,1080,1240,1550,,,,,,
CSUE5X00000063035,NEW MEXICO,Exposure to harmful substances or environments ,LTI,170,260,310,160,220,,,,,,
CSUE5X00000063036,NEW YORK,Exposure to harmful substances or environments ,LTI,3090,4240,4290,2860,4740,,,,,,
CSUE5X00000063037,NORTH CAROLINA,Exposure to harmful substances or environments ,LTI,1390,1170,1190,1170,1110,,,,,,
CSUE5X00000063039,OHIO,Exposure to harmful substances or environments ,LTI,,1570,1870,1320,1840,,,,,,
CSUE5X00000063040,OKLAHOMA,Exposure to harmful substances or environments ,LTI,790,690,,,,,,,,,
CSUE5X00000063041,OREGON,Exposure to harmful substances or environments ,LTI,640,630,710,560,620,,,,,,
CSUE5X00000063042,PENNSYLVANIA,Exposure to harmful substances or environments ,LTI,2130,2890,2060,1570,2390,,,,,,
CSUE5X00000063043,PUERTO RICO,Exposure to harmful substances or environments ,LTI,2310,2750,1860,2490,1950,,,,,,
CSUE5X00000063045,SOUTH CAROLINA,Exposure to harmful substances or environments ,LTI,750,610,750,620,790,,,,,,
CSUE5X00000063047,TENNESSEE,Exposure to harmful substances or environments ,LTI,920,750,740,710,820,,,,,,
CSUE5X00000063048,TEXAS,Exposure to harmful substances or environments ,LTI,3250,3310,3280,2620,2730,,,,,,
CSUE5X00000063049,UTAH,Exposure to harmful substances or environments ,LTI,200,250,280,700,320,,,,,,
CSUE5X00000063050,VERMONT,Exposure to harmful substances or environments ,LTI,140,140,90,190,120,,,,,,
CSUE5X00000063051,VIRGINIA,Exposure to harmful substances or environments ,LTI,2350,1480,950,880,1090,,,,,,
CSUE5X00000063053,WASHINGTON,Exposure to harmful substances or environments ,LTI,1220,1400,1240,1030,1230,,,,,,
CSUE5X00000063054,WEST VIRGINIA,Exposure to harmful substances or environments ,LTI,360,360,320,360,320,,,,,,
CSUE5X00000063055,WISCONSIN,Exposure to harmful substances or environments ,LTI,810,1090,840,1010,950,,,,,,
CSUE5X00000063056,WYOMING,Exposure to harmful substances or environments ,LTI,90,80,140,180,100,,,,,,
CSUE6X00000063000,US,Contact with object or equipment,LTI,272690,265230,268380,256930,269910,,,,,,
CSUE6X00000063001,ALABAMA,Contact with object or equipment,LTI,4090,4240,3910,2930,3280,,,,,,
CSUE6X00000063002,ALASKA,Contact with object or equipment,LTI,960,870,840,900,770,,,,,,
CSUE6X00000063004,ARIZONA,Contact with object or equipment,LTI,3880,4040,4560,3930,4730,,,,,,
CSUE6X00000063005,ARKANSAS,Contact with object or equipment,LTI,2100,2030,1830,1380,1640,,,,,,
CSUE6X00000063006,CALIFORNIA,Contact with object or equipment,LTI,28870,29430,33110,31630,33970,,,,,,
CSUE6X00000063009,CONNECTICUT,Contact with object or equipment,LTI,4310,4680,3870,4160,3630,,,,,,
CSUE6X00000063010,DELAWARE,Contact with object or equipment,LTI,880,940,820,680,760,,,,,,
CSUE6X00000063011,DISTRICT OF COLUMBIA,Contact with object or equipment,LTI,830,740,680,780,750,,,,,,
CSUE6X00000063013,GEORGIA,Contact with object or equipment,LTI,5810,5530,5730,6810,6530,,,,,,
CSUE6X00000063015,HAWAII,Contact with object or equipment,LTI,1990,2310,2310,2270,1850,,,,,,
CSUE6X00000063017,ILLINOIS,Contact with object or equipment,LTI,11300,11660,10200,9810,10600,,,,,,
CSUE6X00000063018,INDIANA,Contact with object or equipment,LTI,4930,4800,4170,4400,5030,,,,,,
CSUE6X00000063019,IOWA,Contact with object or equipment,LTI,3870,3320,3370,2500,3310,,,,,,
CSUE6X00000063020,KANSAS,Contact with object or equipment,LTI,2770,2370,2040,2260,1590,,,,,,
CSUE6X00000063021,KENTUCKY,Contact with object or equipment,LTI,4390,4030,3930,3620,3550,,,,,,
CSUE6X00000063022,LOUISIANA,Contact with object or equipment,LTI,3450,3160,3440,2350,2660,,,,,,
CSUE6X00000063023,MAINE,Contact with object or equipment,LTI,1410,1290,1480,1120,1390,,,,,,
CSUE6X00000063024,MARYLAND,Contact with object or equipment,LTI,5950,6170,6340,5400,5840,,,,,,
CSUE6X00000063025,MASSACHUSETTS,Contact with object or equipment,LTI,8670,8380,7160,7260,8090,,,,,,
CSUE6X00000063026,MICHIGAN,Contact with object or equipment,LTI,7290,7270,8070,6920,6630,,,,,,
CSUE6X00000063027,MINNESOTA,Contact with object or equipment,LTI,4340,4790,4490,4470,4960,,,,,,
CSUE6X00000063029,MISSOURI,Contact with object or equipment,LTI,3450,4250,4200,4740,3650,,,,,,
CSUE6X00000063030,MONTANA,Contact with object or equipment,LTI,930,1010,900,940,1030,,,,,,
CSUE6X00000063031,NEBRASKA,Contact with object or equipment,LTI,1580,1940,1780,1590,1480,,,,,,
CSUE6X00000063032,NEVADA,Contact with object or equipment,LTI,2720,2490,2340,2990,2710,,,,,,
CSUE6X00000063034,NEW JERSEY,Contact with object or equipment,LTI,9360,10220,9100,9150,8720,,,,,,
CSUE6X00000063035,NEW MEXICO,Contact with object or equipment,LTI,2020,1570,1110,1530,1750,,,,,,
CSUE6X00000063036,NEW YORK,Contact with object or equipment,LTI,28340,24170,24680,22940,26240,,,,,,
CSUE6X00000063037,NORTH CAROLINA,Contact with object or equipment,LTI,6350,6040,6200,5700,5890,,,,,,
CSUE6X00000063039,OHIO,Contact with object or equipment,LTI,,7180,7750,9950,9380,,,,,,
CSUE6X00000063040,OKLAHOMA,Contact with object or equipment,LTI,3280,3360,,,,,,,,,
CSUE6X00000063041,OREGON,Contact with object or equipment,LTI,3510,3600,3870,4710,4420,,,,,,
CSUE6X00000063042,PENNSYLVANIA,Contact with object or equipment,LTI,11610,10810,10290,9830,14050,,,,,,
CSUE6X00000063043,PUERTO RICO,Contact with object or equipment,LTI,4800,4170,4380,4320,3900,,,,,,
CSUE6X00000063045,SOUTH CAROLINA,Contact with object or equipment,LTI,3480,3260,3570,3020,3580,,,,,,
CSUE6X00000063047,TENNESSEE,Contact with object or equipment,LTI,4020,4290,4030,3980,4330,,,,,,
CSUE6X00000063048,TEXAS,Contact with object or equipment,LTI,18310,16530,17680,16550,15010,,,,,,
CSUE6X00000063049,UTAH,Contact with object or equipment,LTI,1700,1340,1950,1600,1790,,,,,,
CSUE6X00000063050,VERMONT,Contact with object or equipment,LTI,690,700,710,690,780,,,,,,
CSUE6X00000063051,VIRGINIA,Contact with object or equipment,LTI,7130,7170,7520,6050,5610,,,,,,
CSUE6X00000063053,WASHINGTON,Contact with object or equipment,LTI,8450,7060,7850,8190,8250,,,,,,
CSUE6X00000063054,WEST VIRGINIA,Contact with object or equipment,LTI,2510,2520,1980,1990,1640,,,,,,
CSUE6X00000063055,WISCONSIN,Contact with object or equipment,LTI,4970,5430,4780,5620,4690,,,,,,
CSUE6X00000063056,WYOMING,Contact with object or equipment,LTI,840,710,670,580,580,,,,,,
CSUE7X00000063000,US,Overexertion and bodily reaction ,LTI,417360,410960,400090,384260,376190,,,,,,
CSUE7X00000063001,ALABAMA,Overexertion and bodily reaction ,LTI,4540,3750,3860,3530,4010,,,,,,
CSUE7X00000063002,ALASKA,Overexertion and bodily reaction ,LTI,1600,1610,1440,1550,1470,,,,,,
CSUE7X00000063004,ARIZONA,Overexertion and bodily reaction ,LTI,6400,6680,6500,5570,6740,,,,,,
CSUE7X00000063005,ARKANSAS,Overexertion and bodily reaction ,LTI,2820,2290,2400,1880,1920,,,,,,
CSUE7X00000063006,CALIFORNIA,Overexertion and bodily reaction ,LTI,53430,56460,59910,56650,55150,,,,,,
CSUE7X00000063009,CONNECTICUT,Overexertion and bodily reaction ,LTI,7600,7580,7740,6960,6960,,,,,,
CSUE7X00000063010,DELAWARE,Overexertion and bodily reaction ,LTI,1250,1080,1150,980,960,,,,,,
CSUE7X00000063011,DISTRICT OF COLUMBIA,Overexertion and bodily reaction ,LTI,810,900,920,720,700,,,,,,
CSUE7X00000063013,GEORGIA,Overexertion and bodily reaction ,LTI,13230,7530,8030,9010,8870,,,,,,
CSUE7X00000063015,HAWAII,Overexertion and bodily reaction ,LTI,3150,3240,3330,3410,3130,,,,,,
CSUE7X00000063017,ILLINOIS,Overexertion and bodily reaction ,LTI,17720,17460,18050,15950,16230,,,,,,
CSUE7X00000063018,INDIANA,Overexertion and bodily reaction ,LTI,6670,7540,6740,6120,6980,,,,,,
CSUE7X00000063019,IOWA,Overexertion and bodily reaction ,LTI,5290,4790,4870,4770,3960,,,,,,
CSUE7X00000063020,KANSAS,Overexertion and bodily reaction ,LTI,3370,3450,3070,3650,2820,,,,,,
CSUE7X00000063021,KENTUCKY,Overexertion and bodily reaction ,LTI,6690,6190,5950,5470,5340,,,,,,
CSUE7X00000063022,LOUISIANA,Overexertion and bodily reaction ,LTI,3810,3570,4400,3240,3630,,,,,,
CSUE7X00000063023,MAINE,Overexertion and bodily reaction ,LTI,2700,2560,2500,2460,2420,,,,,,
CSUE7X00000063024,MARYLAND,Overexertion and bodily reaction ,LTI,7330,7380,7180,6070,6390,,,,,,
CSUE7X00000063025,MASSACHUSETTS,Overexertion and bodily reaction ,LTI,12110,12540,12350,11280,11040,,,,,,
CSUE7X00000063026,MICHIGAN,Overexertion and bodily reaction ,LTI,10630,12350,11000,10030,9190,,,,,,
CSUE7X00000063027,MINNESOTA,Overexertion and bodily reaction ,LTI,8500,8200,8140,8460,7800,,,,,,
CSUE7X00000063029,MISSOURI,Overexertion and bodily reaction ,LTI,5560,5340,5250,4850,5050,,,,,,
CSUE7X00000063030,MONTANA,Overexertion and bodily reaction ,LTI,2190,1900,2000,1530,1780,,,,,,
CSUE7X00000063031,NEBRASKA,Overexertion and bodily reaction ,LTI,2520,3070,2710,2680,2130,,,,,,
CSUE7X00000063032,NEVADA,Overexertion and bodily reaction ,LTI,2980,3470,3330,3460,3280,,,,,,
CSUE7X00000063034,NEW JERSEY,Overexertion and bodily reaction ,LTI,12990,14120,11840,12130,10650,,,,,,
CSUE7X00000063035,NEW MEXICO,Overexertion and bodily reaction ,LTI,2570,1580,1990,1760,2020,,,,,,
CSUE7X00000063036,NEW YORK,Overexertion and bodily reaction ,LTI,38450,36630,36350,32150,33780,,,,,,
CSUE7X00000063037,NORTH CAROLINA,Overexertion and bodily reaction ,LTI,7610,7950,6800,6830,6490,,,,,,
CSUE7X00000063039,OHIO,Overexertion and bodily reaction ,LTI,,12050,10580,12320,11250,,,,,,
CSUE7X00000063040,OKLAHOMA,Overexertion and bodily reaction ,LTI,5240,5430,,,,,,,,,
CSUE7X00000063041,OREGON,Overexertion and bodily reaction ,LTI,6870,8250,7290,7160,7330,,,,,,
CSUE7X00000063042,PENNSYLVANIA,Overexertion and bodily reaction ,LTI,19000,15880,15350,16120,15950,,,,,,
CSUE7X00000063043,PUERTO RICO,Overexertion and bodily reaction ,LTI,11280,9400,10400,8090,7820,,,,,,
CSUE7X00000063045,SOUTH CAROLINA,Overexertion and bodily reaction ,LTI,5450,3840,3980,3800,3540,,,,,,
CSUE7X00000063047,TENNESSEE,Overexertion and bodily reaction ,LTI,7530,7740,7410,6430,6130,,,,,,
CSUE7X00000063048,TEXAS,Overexertion and bodily reaction ,LTI,23020,20890,19530,18320,17330,,,,,,
CSUE7X00000063049,UTAH,Overexertion and bodily reaction ,LTI,1840,2460,2500,1790,2230,,,,,,
CSUE7X00000063050,VERMONT,Overexertion and bodily reaction ,LTI,1260,1200,1340,1340,1330,,,,,,
CSUE7X00000063051,VIRGINIA,Overexertion and bodily reaction ,LTI,8260,8000,7670,8120,6670,,,,,,
CSUE7X00000063053,WASHINGTON,Overexertion and bodily reaction ,LTI,16150,15960,15370,14680,14020,,,,,,
CSUE7X00000063054,WEST VIRGINIA,Overexertion and bodily reaction ,LTI,3560,3340,3100,2980,2360,,,,,,
CSUE7X00000063055,WISCONSIN,Overexertion and bodily reaction ,LTI,10010,9370,8600,8970,8400,,,,,,
CSUE7X00000063056,WYOMING,Overexertion and bodily reaction ,LTI,990,1080,970,1000,950,,,,,,
CSUEXX00000063000,US,Others,LTI,12950,13340,10300,15930,5900,,,,,,
CSUEXX00000063001,ALABAMA,Others,LTI,160,190,280,150,200,,,,,,
CSUEXX00000063002,ALASKA,Others,LTI,40,20,,,,,,,,,
CSUEXX00000063004,ARIZONA,Others,LTI,,80,120,340,80,,,,,,
CSUEXX00000063005,ARKANSAS,Others,LTI,,,20,,,,,,,,
CSUEXX00000063006,CALIFORNIA,Others,LTI,3610,4880,2840,3090,2100,,,,,,
CSUEXX00000063009,CONNECTICUT,Others,LTI,230,450,270,150,100,,,,,,
CSUEXX00000063010,DELAWARE,Others,LTI,80,70,30,50,40,,,,,,
CSUEXX00000063011,DISTRICT OF COLUMBIA,Others,LTI,840,790,170,130,40,,,,,,
CSUEXX00000063013,GEORGIA,Others,LTI,660,280,140,400,300,,,,,,
CSUEXX00000063015,HAWAII,Others,LTI,310,350,200,110,110,,,,,,
CSUEXX00000063017,ILLINOIS,Others,LTI,660,920,380,410,530,,,,,,
CSUEXX00000063018,INDIANA,Others,LTI,290,230,340,110,80,,,,,,
CSUEXX00000063019,IOWA,Others,LTI,20,30,40,30,120,,,,,,
CSUEXX00000063020,KANSAS,Others,LTI,40,80,70,120,30,,,,,,
CSUEXX00000063021,KENTUCKY,Others,LTI,30,250,40,,,,,,,,
CSUEXX00000063022,LOUISIANA,Others,LTI,1440,700,330,440,150,,,,,,
CSUEXX00000063023,MAINE,Others,LTI,180,70,100,70,,,,,,,
CSUEXX00000063024,MARYLAND,Others,LTI,100,80,80,3270,250,,,,,,
CSUEXX00000063025,MASSACHUSETTS,Others,LTI,1350,520,1060,6900,810,,,,,,
CSUEXX00000063026,MICHIGAN,Others,LTI,520,440,250,230,130,,,,,,
CSUEXX00000063027,MINNESOTA,Others,LTI,170,200,270,180,170,,,,,,
CSUEXX00000063029,MISSOURI,Others,LTI,710,1870,690,1440,260,,,,,,
CSUEXX00000063030,MONTANA,Others,LTI,80,30,40,,20,,,,,,
CSUEXX00000063031,NEBRASKA,Others,LTI,340,40,70,20,30,,,,,,
CSUEXX00000063032,NEVADA,Others,LTI,40,60,90,50,40,,,,,,
CSUEXX00000063034,NEW JERSEY,Others,LTI,580,340,890,350,70,,,,,,
CSUEXX00000063035,NEW MEXICO,Others,LTI,60,330,,,,,,,,,
CSUEXX00000063036,NEW YORK,Others,LTI,120,460,200,1630,120,,,,,,
CSUEXX00000063037,NORTH CAROLINA,Others,LTI,180,330,710,450,220,,,,,,
CSUEXX00000063039,OHIO,Others,LTI,,510,180,430,80,,,,,,
CSUEXX00000063040,OKLAHOMA,Others,LTI,230,130,,,,,,,,,
CSUEXX00000063041,OREGON,Others,LTI,400,130,330,280,80,,,,,,
CSUEXX00000063042,PENNSYLVANIA,Others,LTI,460,490,850,520,780,,,,,,
CSUEXX00000063043,PUERTO RICO,Others,LTI,320,520,70,50,100,,,,,,
CSUEXX00000063045,SOUTH CAROLINA,Others,LTI,100,80,20,,,,,,,,
CSUEXX00000063047,TENNESSEE,Others,LTI,,20,270,70,,,,,,,
CSUEXX00000063048,TEXAS,Others,LTI,540,120,200,80,230,,,,,,
CSUEXX00000063049,UTAH,Others,LTI,30,50,30,30,20,,,,,,
CSUEXX00000063050,VERMONT,Others,LTI,40,20,,20,,,,,,,
CSUEXX00000063051,VIRGINIA,Others,LTI,100,70,220,150,170,,,,,,
CSUEXX00000063053,WASHINGTON,Others,LTI,20,180,370,360,520,,,,,,
CSUEXX00000063054,WEST VIRGINIA,Others,LTI,140,210,120,60,40,,,,,,
CSUEXX00000063055,WISCONSIN,Others,LTI,90,80,180,80,20,,,,,,
CSUEXX00000063056,WYOMING,Others,LTI,,20,,,,,,,,,